Test,ID,Trial_Num,Hand_Prediction,Hand_Latency,Body_Prediction,Body_Latency,FamTrialLength_ms,Fam_Distracter,Fam_Goal,Fam_Hand,Fam_Screen,TestTrialLength_ms,Test_Body,Test_Distracter,Test_Goal,Test_Hand,Test_Screen
Test1,M06,1,No Prediction,NA,No Prediction,NA,9273.0,99.8,1435.7,227.6,3099.2000000000003,2204.0,347.6,NA,NA,219.4,347.6
Test1,M06,2,Goal,2193.0,Goal,4725.0,9616.0,219.4,2910.8999999999996,304.59999999999997,4272.3,5235.0,2033.3999999999999,NA,398.6,398.6,2432.1000000000004
Test1,M06,3,No Prediction,NA,No Prediction,NA,9273.0,999.1999999999999,378.8,279.2,1956.1,2480.0,454.0,NA,NA,NA,454.0
Test1,M06,4,Distracter,479.0,Goal,1515.0,9273.0,NA,1475.5,239.7,2816.2,4408.0,572.6999999999999,203.1,1020.1,119.6,1795.8
Test1,M06,5,No Prediction,NA,Goal,2154.0,9616.0,285.0,2346.5,17.5,2968.0,4133.0,597.9,159.5,239.0,NA,996.4
Test1,M06,6,Goal,398.0,Goal,398.0,9273.0,749.6,1376.1000000000001,239.0,3060.6,3031.0,79.8,638.1,455.2,79.8,1173.0
Test1,M06,7,Goal,478.0,Goal,478.0,9273.0,957.0999999999999,1458.2,79.8,3391.9,2755.0,159.5,119.5,79.60000000000001,79.8,358.70000000000005
Test1,M06,8,No Prediction,NA,Distracter,957.0,9273.0,597.7,2159.2,383.0,3874.0,2480.0,398.8,339.3,NA,NA,738.1
Test1,M07,3,Goal,499.0,Distracter,1595.0,NA,NA,NA,NA,NA,5490.0,NA,NA,NA,NA,NA
Test1,M07,4,No Prediction,NA,No Prediction,NA,9479.0,837.5,1315.8000000000002,852.8,6394.700000000001,8073.0,1593.5,NA,NA,1560.5,1593.5
Test1,M07,5,No Prediction,NA,Distracter,1455.0,9115.0,358.8,NA,NA,1216.1,2906.0,540.8,199.4,NA,NA,840.0
Test1,M07,6,No Prediction,NA,Distracter,2014.0,9479.0,1997.4,1775.9,1215.0,7378.2,2906.0,1130.7,637.8000000000001,NA,67.9,2027.6999999999998
Test1,M07,7,No Prediction,NA,Goal,160.0,9479.0,2906.4,778.5,338.9,6629.0,3875.0,244.60000000000002,638.0,717.8,119.7,1600.4
Test1,M07,8,No Prediction,NA,Goal,1116.0,9115.0,1240.6,1295.4,NA,3592.1,3552.0,259.1,445.40000000000003,838.0,NA,1542.6
Test1,M08,1,NA,NA,NA,NA,NA,279.1,1664.7,79.69999999999999,2142.9,NA,NA,NA,NA,NA,NA
Test1,M08,2,No Prediction,NA,No Prediction,NA,7911.0,NA,1627.3,NA,2783.7999999999997,9042.0,NA,955.4,358.9,NA,1314.3
Test1,M08,3,NA,NA,NA,NA,NA,NA,936.9,721.4000000000001,1658.3000000000002,NA,NA,NA,NA,NA,NA
Test1,M08,4,No Prediction,NA,No Prediction,NA,8396.0,NA,NA,NA,139.6,2906.0,NA,63.3,127.1,NA,310.09999999999997
Test1,M08,5,No Prediction,NA,No Prediction,NA,7937.0,1025.3000000000002,1493.1000000000001,638.1,3794.2999999999997,3875.0,NA,638.0,359.0,NA,997.1
Test1,M08,6,No Prediction,NA,Goal,479.0,8396.0,99.5,1218.9,NA,1318.5,8396.0,1392.7,1036.7,478.5,792.6,2907.9
Test1,M08,7,Goal,1356.0,Goal,1356.0,8719.0,1398.9,829.9,3.9,2990.4,2583.0,681.1,NA,421.5,578.3000000000001,1102.6000000000001
Test1,M08,8,No Prediction,NA,No Prediction,NA,8396.0,603.6,1163.8999999999999,837.2,3239.1,2583.0,NA,578.3000000000001,526.6999999999999,NA,1105.0
Test1,M09,1,No Prediction,NA,Goal,1754.0,7694.0,458.5,917.0,538.2,2307.9,3847.0,1315.9,NA,179.5,279.1,1495.4
Test1,M09,2,No Prediction,NA,No Prediction,NA,8286.0,NA,1335.8000000000002,299.0,2970.6,2959.0,199.3,NA,NA,199.3,199.3
Test1,M09,3,No Prediction,NA,Distracter,1575.0,7990.0,NA,618.1,678.0,3667.8,5510.0,1543.3,119.6,279.2,139.5,1942.1
Test1,M09,4,No Prediction,NA,Distracter,459.0,8286.0,NA,1340.8,NA,3253.1,2959.0,279.3,437.40000000000003,NA,NA,716.7
Test1,M09,5,No Prediction,NA,Goal,1834.0,7990.0,NA,1081.5,578.3000000000001,2400.9,2959.0,1099.6999999999998,NA,299.0,257.40000000000003,1398.7
Test1,M09,6,No Prediction,NA,Distracter,5223.0,8582.0,NA,1093.3,NA,3260.6000000000004,5398.0,1414.3,85.9,NA,NA,1500.2
Test1,M09,7,Goal,857.0,Goal,857.0,7694.0,3062.6000000000004,737.5,NA,5074.6,2959.0,144.2,1015.2,258.40000000000003,79.9,1417.8999999999999
Test1,M09,8,No Prediction,NA,No Prediction,NA,8583.0,NA,321.1,323.29999999999995,1508.5,2367.0,530.0,NA,NA,315.59999999999997,928.6999999999999
Test1,M10,1,No Prediction,NA,Goal,152.0,9571.0,338.9,2559.0,255.7,4868.9,3e3,75.80000000000001,598.1999999999999,895.5999999999999,NA,1569.6000000000001
Test1,M10,2,Distracter,678.0,Goal,399.0,9143.0,719.1999999999999,2575.7,581.2,5317.1,3571.0,597.9,530.5,378.59999999999997,418.5,1506.8999999999999
Test1,M10,3,No Prediction,NA,Distracter,240.0,8857.0,638.1,2275.9,299.0,4112.8,2e3,182.60000000000002,342.9,495.0,NA,1020.5
Test1,M10,4,No Prediction,NA,Distracter,2652.0,9e3,518.4,1361.3999999999999,329.5,3504.1000000000004,5e3,799.5,349.5,618.1,NA,1767.2
Test1,M10,5,No Prediction,NA,No Prediction,NA,9e3,156.9,2392.7000000000003,372.90000000000003,3838.0,1143.0,100.9,NA,119.9,NA,220.79999999999998
Test1,M10,6,Goal,2552.0,Goal,3808.0,9e3,581.8,2479.7,1293.5,5014.3,4714.0,2015.3,NA,299.0,1297.7,2314.2999999999997
Test1,M10,7,No Prediction,NA,No Prediction,NA,9143.0,1079.6,NA,195.70000000000002,2611.9,2143.0,170.3,NA,NA,79.8,170.3
Test1,M10,8,No Prediction,NA,No Prediction,NA,9143.0,600.8,923.1,857.9,3172.6,1143.0,121.30000000000001,558.2,NA,121.30000000000001,679.6
Test2,M11,1,Goal,2313.0,Goal,3885.0,8364.0,99.6,2617.2,1245.8,7217.9000000000005,4e3,3427.7000000000003,NA,117.5,1674.9,3545.2
Test2,M11,2,No Prediction,NA,Distracter,1794.0,9091.0,1321.3999999999999,NA,1090.2,4281.6,8727.0,4816.2,319.29999999999995,NA,1513.3000000000002,5135.5
Test2,M11,3,No Prediction,NA,No Prediction,NA,8364.0,NA,2362.1,1834.3,7647.0,6182.0,4705.9,NA,NA,1136.2,4984.9
Test2,M11,4,No Prediction,NA,No Prediction,NA,8727.0,NA,NA,NA,637.9,9455.0,1333.8000000000002,NA,NA,NA,1333.8000000000002
Test2,M11,5,NA,NA,NA,NA,NA,714.3000000000001,817.5,2793.6,5840.6,NA,NA,NA,NA,NA,NA
Test2,M11,6,Distracter,300.0,Distracter,2612.0,8e3,NA,1597.5,2327.9,6263.9,3636.0,2113.2,921.6,NA,259.29999999999995,3034.8
Test2,M11,7,No Prediction,NA,Goal,1515.0,7636.0,NA,1275.9,NA,5968.4,8727.0,2829.4,NA,618.8000000000001,757.7,3448.2
Test2,M11,8,No Prediction,NA,Goal,1335.0,8e3,1200.3,NA,498.5,3881.4,9091.0,539.0,737.6,259.2,NA,1535.9
Test2,M12,1,No Prediction,NA,No Prediction,NA,7917.0,498.40000000000003,2806.6,239.1,5181.8,4583.0,3317.2999999999997,NA,NA,1953.7,3835.7999999999997
Test2,M12,2,No Prediction,NA,Distracter,1815.0,8333.0,NA,2355.9,1874.1000000000001,6602.5,3333.0,2357.8,536.5,NA,701.5,2894.4
Test2,M12,3,No Prediction,NA,Goal,1853.0,7917.0,NA,2750.4,1277.4,7079.6,2917.0,1713.7,NA,982.6,NA,2696.2999999999997
Test2,M12,4,Goal,837.0,Goal,3628.0,8750.0,518.3,3350.0,657.8000000000001,7473.8,5e3,3767.1,NA,501.2,996.5,4567.2
Test2,M12,5,No Prediction,NA,No Prediction,NA,7917.0,1076.7,1355.6,1678.3999999999999,6662.9,9167.0,3384.3,NA,NA,490.20000000000005,3902.8
Test2,M12,6,No Prediction,NA,No Prediction,NA,8333.0,1103.1,3027.8999999999996,1634.9,7213.4,7083.0,5562.700000000001,NA,NA,1176.3999999999999,5562.700000000001
Test2,M12,7,Distracter,5206.0,Distracter,7957.0,8333.0,1054.1000000000001,1315.8000000000002,681.2,6928.200000000001,8854.0,3706.5,138.3,NA,1097.1,4024.4
Test2,M12,8,Distracter,2438.0,Distracter,5947.0,7917.0,NA,NA,NA,996.0,7083.0,5511.8,800.6,NA,1834.3,6312.4000000000005
Test2,M13,2,No Prediction,NA,Distracter,658.0,8360.0,NA,NA,NA,NA,1650.0,NA,NA,NA,NA,NA
Test2,M13,3,No Prediction,NA,No Prediction,NA,8470.0,NA,NA,NA,NA,990.0,NA,NA,NA,NA,NA
Test2,M13,4,No Prediction,NA,Goal,319.0,8910.0,NA,NA,NA,NA,1100.0,NA,NA,NA,NA,NA
Test2,M13,5,Goal,897.0,Goal,678.0,8580.0,NA,NA,NA,NA,4290.0,NA,NA,NA,NA,NA
Test2,M13,6,No Prediction,NA,No Prediction,NA,8360.0,NA,NA,NA,NA,8910.0,NA,NA,NA,NA,NA
Test2,M13,7,Distracter,825.0,Distracter,825.0,8360.0,NA,NA,NA,NA,1320.0,NA,NA,NA,NA,NA
Test2,M13,8,Distracter,2851.0,Distracter,957.0,8470.0,NA,NA,NA,NA,4840.0,NA,NA,NA,NA,NA
Test2,M14,1,Distracter,3509.0,Distracter,1694.0,8750.0,239.2,2153.4,458.6,6919.1,6611.0,4844.1,1075.5,139.6,2092.9,6059.2
Test2,M14,2,Distracter,1783.0,Distracter,1783.0,8102.0,737.8,1193.3,981.1,5971.9,2333.0,1664.1999999999998,509.8,NA,486.20000000000005,2174.1000000000004
Test2,M14,3,Goal,2851.0,Goal,1874.0,8491.0,NA,1295.9,1674.7,7707.6,6222.0,4371.1,501.4,816.1,938.8,5688.5
Test2,M14,4,Goal,1795.0,Goal,1795.0,8491.0,NA,1471.8,1116.4,6544.5,2463.0,1606.9,NA,675.6,232.2,2282.5
Test2,M14,5,No Prediction,NA,No Prediction,NA,8750.0,159.6,NA,256.1,1914.9,8750.0,717.8,NA,NA,NA,717.8
Test2,M14,6,Distracter,5283.0,Distracter,6479.0,NA,NA,NA,NA,NA,8296.0,NA,NA,NA,NA,NA
Test2,M14,7,No Prediction,NA,Distracter,890.0,8296.0,NA,1176.3999999999999,957.0,6905.2,3306.0,1221.0,1076.5,NA,591.6,2297.5
Test2,M14,8,No Prediction,NA,No Prediction,NA,8491.0,142.9,776.0,618.1,5105.6,8361.0,NA,NA,99.7,NA,99.7
Test2,M15,1,No Prediction,NA,Goal,279.0,8954.0,478.5,2890.1,1076.5,7943.9000000000005,3229.0,936.4,717.9,1196.1999999999998,228.8,2850.5
Test2,M15,2,No Prediction,NA,Goal,299.0,9174.0,NA,3628.6,996.1999999999999,8556.900000000001,1835.0,216.9,531.8000000000001,761.1,NA,1509.7
Test2,M15,3,Distracter,598.0,Goal,219.0,9101.0,554.4,3645.9,1477.3,8095.9000000000005,4550.0,1295.7,1754.3,937.2,498.40000000000003,3987.2000000000003
Test2,M15,4,Goal,2166.0,Goal,3349.0,8954.0,2233.5,3328.3,NA,8286.0,5431.0,3715.0,NA,1295.8,1310.7,5010.7
Test2,M15,5,No Prediction,NA,No Prediction,NA,8954.0,1714.6999999999998,2774.9,1399.7,8440.300000000001,954.0,8.0,128.70000000000002,655.6999999999999,8.0,792.4
Test2,M15,6,Distracter,678.0,Goal,598.0,8954.0,NA,3430.2999999999997,1796.7,8317.1,3817.0,2257.4,199.4,818.9,599.9,3275.7000000000003
Test2,M15,7,No Prediction,NA,Goal,837.0,8954.0,1393.3,3447.2,1654.8,8498.0,3156.0,777.4,689.9,1318.1000000000001,NA,2785.4
Test2,M15,8,Distracter,219.0,Goal,2134.0,8881.0,199.4,2412.3,1874.5,8266.0,4037.0,2213.9,737.5,478.8,180.4,3549.9
Test2,M15,9,Goal,618.0,No Prediction,NA,NA,NA,NA,NA,NA,3743.0,NA,NA,NA,NA,NA
Test2,M16,1,Distracter,6131.0,Distracter,7855.0,9065.0,872.1999999999999,1152.1999999999998,NA,3708.2000000000003,8556.0,4860.0,248.29999999999998,272.6,3325.1,5381.0
Test2,M16,2,No Prediction,NA,No Prediction,NA,9065.0,1482.3,813.1,NA,3695.2,8148.0,6889.3,NA,199.4,3976.5,7088.7
Test2,M16,3,Goal,3010.0,Goal,678.0,9167.0,382.29999999999995,3372.2,2088.7,8305.1,6213.0,4084.3999999999996,270.9,1316.0,2293.1,5671.299999999999
Test2,M16,4,Distracter,877.0,Distracter,877.0,9065.0,NA,2927.0,1973.6,7393.9000000000005,2241.0,219.29999999999998,1084.2,NA,219.29999999999998,1861.9
Test2,M16,5,No Prediction,NA,Goal,1176.0,8963.0,984.9,3588.0,2706.7999999999997,7980.4000000000005,2444.0,1791.9,NA,435.7,714.4000000000001,2227.6
Test2,M16,6,Distracter,797.0,Distracter,1216.0,8861.0,1076.6,2476.1000000000004,1634.8,8089.0,2241.0,1304.1000000000001,759.7,NA,740.3,2063.8
Test2,M16,7,No Prediction,NA,No Prediction,NA,8861.0,NA,2789.7,2716.1,7555.6,7333.0,NA,538.4,876.0,NA,1705.7
Test2,M16,8,No Prediction,NA,Distracter,697.0,8963.0,497.5,1116.5,1279.0,4216.8,1935.0,278.5,738.0,419.5,NA,1735.3
Test3,M13,1,NA,NA,NA,NA,NA,458.6,1475.3,418.6,3927.4,NA,NA,NA,NA,NA,NA
Test3,M13,2,NA,NA,NA,NA,NA,NA,379.09999999999997,558.5,1196.9,NA,578.2,636.4,NA,NA,1214.6999999999998
Test3,M13,3,NA,NA,NA,NA,NA,1813.7,5008.0,NA,7616.0,NA,NA,356.1,494.3,NA,850.3
Test3,M13,4,NA,NA,NA,NA,NA,NA,4906.3,1410.5,8230.800000000001,NA,259.2,15.0,557.8,NA,832.0999999999999
Test3,M13,5,NA,NA,NA,NA,NA,290.5,2607.5,1836.9,7903.6,NA,1435.0,NA,1435.7,777.9000000000001,3126.7999999999997
Test3,M13,6,NA,NA,NA,NA,NA,NA,3688.6,1359.5,7544.9000000000005,NA,380.2,99.7,NA,NA,479.9
Test3,M13,7,NA,NA,NA,NA,NA,1518.3,980.0,1555.3,7866.0,NA,733.5,394.7,NA,733.5,1128.1000000000001
Test3,M13,8,NA,NA,NA,NA,NA,NA,1773.6000000000001,1518.3,7752.3,NA,3392.5,969.5,NA,1535.1999999999998,4362.0999999999995
Test3,M18,1,No Prediction,NA,Distracter,738.0,9333.0,463.3,3425.3,1119.1,7807.5999999999995,8e3,4433.2,458.7,817.6,1435.4,5709.5
Test3,M18,2,Distracter,2990.0,Distracter,558.0,8571.0,917.2,2700.2000000000003,358.9,5896.0,4571.0,2970.0,438.40000000000003,NA,1478.1,3408.5
Test3,M18,3,No Prediction,NA,No Prediction,NA,9143.0,2012.8,1418.1,879.1999999999999,4947.0,952.0,NA,254.80000000000004,NA,NA,573.9
Test3,M18,4,No Prediction,NA,No Prediction,NA,8952.0,598.3000000000001,2315.2,1060.1000000000001,6050.7,3333.0,2508.7999999999997,NA,NA,530.6999999999999,2779.4
Test3,M18,5,No Prediction,NA,No Prediction,NA,9048.0,941.2,3432.9,1819.0,7171.2,2190.0,1784.4,NA,NA,987.1999999999999,1964.0
Test3,M18,6,Goal,409.0,Goal,409.0,8587.0,NA,3352.6,877.1,5662.6,1714.0,274.2,NA,538.3,274.2,812.5
Test3,M18,7,No Prediction,NA,No Prediction,NA,8676.0,1354.8,2349.0,502.8,5326.5,3524.0,1908.1999999999998,NA,NA,460.7,2087.7
Test3,M18,8,Distracter,319.0,Goal,417.0,8952.0,834.5,500.29999999999995,815.9,3266.7999999999997,4667.0,605.1,433.3,476.7,243.4,1515.0
Test3,M19,1,No Prediction,NA,Goal,718.0,8695.0,1839.0,1512.5,124.7,7204.1,1990.0,896.5999999999999,NA,677.8,239.2,1713.7
Test3,M19,2,Distracter,1934.0,Distracter,2551.0,9010.0,1595.0,2033.7,1196.3,7509.7,3352.0,2275.7000000000003,486.5,NA,1475.3,2762.2
Test3,M19,3,No Prediction,NA,Distracter,1495.0,9010.0,2980.2,3523.8999999999996,580.5,8129.5,3143.0,1375.6,677.8,664.0,NA,2783.7000000000003
Test3,M19,4,Distracter,519.0,Distracter,519.0,9114.0,1392.3000000000002,619.7,618.0,4335.0,5552.0,808.2,1554.3,NA,808.2,2562.2
Test3,M19,5,No Prediction,NA,Goal,618.0,9114.0,1574.5,3608.5,958.0999999999999,8340.3,2095.0,518.4,725.7,578.0999999999999,NA,1876.0
Test3,M19,6,No Prediction,NA,No Prediction,NA,8590.0,1830.6,2533.9,491.59999999999997,4860.8,943.0,325.79999999999995,NA,419.09999999999997,325.79999999999995,744.9
Test3,M19,7,Distracter,299.0,Goal,498.0,8800.0,1653.7,1894.3000000000002,298.8,5974.0,4505.0,737.7,1515.5,1417.2,259.1,3670.4
Test3,M19,8,No Prediction,NA,Goal,296.0,8905.0,538.2,874.7,284.0,2661.9,8800.0,2546.4,737.7,698.4,1613.3,4030.4
Test3,M20,1,NA,NA,NA,NA,NA,758.1999999999999,442.40000000000003,312.7,2653.0,NA,NA,NA,NA,NA,NA
Test3,M20,2,No Prediction,NA,No Prediction,NA,NA,NA,NA,NA,NA,7833.0,NA,NA,NA,NA,NA
Test3,M20,5,NA,NA,NA,NA,NA,NA,63.2,NA,63.2,NA,NA,NA,NA,NA,NA
Test3,M20,6,NA,NA,NA,NA,NA,NA,256.6,NA,382.90000000000003,NA,NA,NA,NA,NA,NA
Test3,M20,7,No Prediction,NA,No Prediction,NA,8917.0,2021.9999999999998,503.4,63.1,2588.5,8500.0,NA,NA,325.1,NA,325.1
Test3,M20,8,No Prediction,NA,No Prediction,NA,9167.0,NA,2531.2000000000003,NA,2531.2000000000003,8417.0,NA,122.7,63.2,NA,185.79999999999998
Test3,M21,1,Goal,738.0,Goal,362.0,9118.0,139.6,418.6,1038.5,2298.0,4412.0,979.8,NA,1273.7,238.3,2773.6
Test3,M21,2,No Prediction,NA,No Prediction,NA,9216.0,1281.1999999999998,3871.9,1038.6,6826.8,3824.0,239.1,NA,265.0,NA,504.09999999999997
Test3,M21,3,No Prediction,NA,No Prediction,NA,9118.0,1634.8,1216.6,597.9,4350.9000000000005,6176.0,NA,NA,370.0,NA,370.0
Test3,M21,4,No Prediction,NA,Goal,817.0,9118.0,560.8,978.7,316.8,2095.6,2941.0,231.3,NA,320.1,111.60000000000001,551.4
Test3,M21,5,No Prediction,NA,Distracter,578.0,9020.0,NA,806.5,NA,806.5,2157.0,159.39999999999998,631.1,NA,NA,790.5
Test3,M21,6,Goal,535.0,Goal,535.0,9314.0,NA,1654.1999999999998,556.6999999999999,2886.5,7451.0,237.7,NA,301.4,237.7,539.1
Test3,M21,7,Distracter,299.0,Distracter,299.0,9314.0,458.4,5265.3,242.79999999999998,6425.5,1275.0,159.6,617.7,NA,159.6,777.3
Test3,M21,8,No Prediction,NA,No Prediction,NA,9020.0,99.7,2314.9,435.3,3478.4,2549.0,60.1,62.0,159.39999999999998,60.1,281.5
Test3,M23,4,Distracter,239.0,Distracter,239.0,9184.0,996.9,955.5,308.5,3160.8999999999996,1429.0,299.4,339.0,NA,299.4,638.4
Test3,M23,5,No Prediction,NA,Goal,160.0,9184.0,518.3,3564.5,396.5,4935.1,816.0,79.8,NA,114.9,NA,194.70000000000002
Test3,M23,6,No Prediction,NA,Goal,538.0,9082.0,1094.8,3107.1,502.4,4996.8,1020.0,219.4,NA,255.2,NA,474.6
Test3,M23,7,Distracter,260.0,Goal,339.0,8980.0,458.5,3965.9,716.4000000000001,5807.8,2755.0,638.2,227.3,522.5,139.5,1388.0
Test3,M23,8,Goal,1834.0,Goal,3728.0,9082.0,676.2,4093.2000000000003,NA,6309.3,4898.0,2482.8,NA,461.3,1256.2,2944.2
Test3,M24,1,Distracter,977.0,Goal,1077.0,9e3,NA,677.9,159.3,837.2,4200.0,201.6,119.6,79.69999999999999,101.9,400.9
Test3,M24,2,NA,NA,NA,NA,NA,119.5,875.9,518.5,1713.3,NA,NA,NA,NA,NA,NA
Test3,M24,3,No Prediction,NA,No Prediction,NA,9e3,259.6,458.8,420.70000000000005,1437.7,1371.0,NA,79.69999999999999,NA,NA,79.69999999999999
Test3,M24,4,No Prediction,NA,No Prediction,NA,8914.0,452.90000000000003,457.9,NA,910.8000000000001,1200.0,NA,77.39999999999999,NA,NA,77.39999999999999
Test3,M24,5,NA,NA,NA,NA,NA,NA,1260.6999999999998,NA,1400.3000000000002,NA,NA,NA,NA,NA,NA
Test3,M24,6,Distracter,742.0,Distracter,3154.0,9171.0,NA,360.09999999999997,NA,406.5,4029.0,179.29999999999998,277.3,NA,79.69999999999999,456.6
Test3,M24,7,No Prediction,NA,No Prediction,NA,9086.0,199.3,1674.1999999999998,79.69999999999999,2174.7999999999997,3600.0,79.9,79.60000000000001,NA,79.9,159.39999999999998
Test3,M24,8,NA,NA,NA,NA,NA,297.8,438.59999999999997,NA,736.4000000000001,NA,NA,NA,NA,NA,NA
Test3,M28,1,No Prediction,NA,Distracter,857.0,8587.0,578.4,2193.2,1400.0,7822.5,2180.0,1646.5,391.1,NA,892.0,2037.5
Test3,M28,2,No Prediction,NA,Distracter,698.0,8569.0,785.5999999999999,3009.5,1854.2,7607.2,9123.0,658.0,4282.6,2985.5,NA,7926.0
Test3,M28,3,Distracter,1794.0,Distracter,1794.0,8633.0,2472.1000000000004,2253.5,338.0,5516.5,2476.0,1652.8,588.3000000000001,NA,657.8000000000001,2426.2999999999997
Test3,M28,4,No Prediction,NA,No Prediction,NA,8553.0,518.4,1710.5,1657.1,6958.2,1817.0,432.40000000000003,558.5,338.9,NA,1329.9
Test3,M28,5,No Prediction,NA,Goal,1934.0,8651.0,NA,5292.4,757.7,7029.7,3632.0,1773.7,621.7,617.8000000000001,NA,3132.8999999999996
Test3,M28,6,Goal,259.0,Goal,817.0,8570.0,NA,4514.9,1239.5,8235.5,2122.0,697.6999999999999,591.9,398.8,219.20000000000002,1688.3999999999999
Test3,M28,7,No Prediction,NA,Distracter,1016.0,8648.0,NA,2849.7,1315.7,7034.6,2537.0,1408.5,219.29999999999998,211.4,NA,2277.8999999999996
Test3,M28,8,Goal,957.0,Goal,957.0,8569.0,NA,NA,NA,999.3,2218.0,817.4,NA,456.9,159.6,1274.3
Test3,M29,1,No Prediction,NA,Goal,598.0,8597.0,1060.4,1714.6,1104.3,7704.799999999999,2754.0,1437.1000000000001,439.5,757.7,NA,2634.3999999999996
Test3,M29,2,Distracter,259.0,Distracter,2564.0,8581.0,737.7,2651.6000000000004,677.6999999999999,6786.4000000000005,3832.0,2368.7,441.59999999999997,NA,199.3,2810.2
Test3,M29,3,Goal,1774.0,Goal,5104.0,8623.0,638.3,2596.2000000000003,638.0,8169.3,5970.0,5266.0,NA,452.6,1734.6,5718.6
Test3,M29,4,No Prediction,NA,No Prediction,NA,8583.0,1118.8,1774.3,937.1,4886.9,2166.0,NA,695.8,138.8,NA,1691.8999999999999
Test3,M29,5,NA,NA,NA,NA,NA,997.1,NA,390.40000000000003,1387.5,NA,NA,NA,NA,NA,NA
Test3,M29,6,No Prediction,NA,Goal,1256.0,8609.0,378.90000000000003,1416.6000000000001,1654.6000000000001,5888.200000000001,3757.0,1159.8999999999999,1076.8,987.8,NA,3224.6
Test3,M29,7,Goal,1974.0,Goal,4566.0,8611.0,1735.6000000000001,3606.1,243.60000000000002,6083.5999999999995,7243.0,3811.2,737.3,583.9,1455.2,5610.9
Test3,M29,8,No Prediction,NA,No Prediction,NA,8570.0,1318.8999999999999,539.3,NA,2385.1,4688.0,1095.3999999999999,NA,NA,NA,1095.3999999999999
Test3,M30,1,No Prediction,NA,No Prediction,NA,8623.0,NA,NA,NA,579.6,9200.0,198.0,NA,NA,NA,397.3
Test3,M30,6,No Prediction,NA,No Prediction,NA,NA,NA,NA,NA,NA,1874.0,NA,NA,NA,NA,NA
Test3,M30,7,No Prediction,NA,Goal,259.0,8664.0,NA,NA,219.29999999999998,378.7,6649.0,199.5,NA,377.09999999999997,NA,576.6
Test3,M30,8,No Prediction,NA,Goal,3715.0,8564.0,601.3,NA,NA,601.3,4336.0,430.09999999999997,NA,190.8,114.5,700.8
Test3,M31,1,No Prediction,NA,No Prediction,NA,8567.0,NA,797.4,718.1999999999999,1734.9,1375.0,NA,79.69999999999999,NA,NA,79.69999999999999
Test3,M31,2,No Prediction,NA,No Prediction,NA,8557.0,NA,398.8,259.29999999999995,658.1,2010.0,NA,NA,NA,NA,79.8
Test3,M31,3,No Prediction,NA,No Prediction,NA,8623.0,875.1999999999999,1136.1000000000001,79.8,2091.2000000000003,3279.0,NA,79.69999999999999,530.5999999999999,NA,610.3
Test3,M31,4,No Prediction,NA,No Prediction,NA,8548.0,236.7,418.8,702.2,1457.2,1244.0,NA,NA,NA,NA,199.5
Test3,M31,5,No Prediction,NA,No Prediction,NA,8653.0,558.1,2191.7,60.1,2893.8,1957.0,NA,152.79999999999998,NA,NA,152.79999999999998
Test3,M31,6,Distracter,1096.0,Distracter,1096.0,8596.0,1266.1,997.5,258.79999999999995,2661.9,1500.0,219.29999999999998,68.1,56.5,219.29999999999998,344.0
Test3,M31,7,Distracter,837.0,Distracter,837.0,8623.0,414.4,2851.7999999999997,119.6,3585.0,3677.0,122.39999999999999,279.7,398.6,122.39999999999999,800.6999999999999
Test3,M31,8,No Prediction,NA,No Prediction,NA,8570.0,199.5,1634.7,NA,1834.3,2711.0,NA,673.9000000000001,299.09999999999997,NA,973.0
Test3,M32,1,NA,NA,NA,NA,NA,259.2,NA,135.2,573.9,NA,NA,NA,NA,NA,NA
Test3,M32,2,Distracter,4103.0,Distracter,4103.0,8570.0,NA,NA,NA,239.2,4959.0,1736.9,99.6,NA,1395.7,1936.1999999999998
Test3,M32,3,No Prediction,NA,No Prediction,NA,8593.0,837.5,438.40000000000003,1017.6,3515.0,2569.0,139.5,NA,NA,NA,139.5
Test3,M32,4,No Prediction,NA,No Prediction,NA,8570.0,478.7,1479.7,681.9,2740.2000000000003,3206.0,NA,96.9,NA,NA,175.3
Test3,M32,5,No Prediction,NA,Goal,2233.0,8630.0,734.1999999999999,958.0999999999999,542.5,2986.0,2925.0,558.0,NA,255.4,NA,813.4
Test3,M32,6,No Prediction,NA,No Prediction,NA,8571.0,NA,2136.7,NA,2629.9,4833.0,1745.0,19.900000000000002,NA,1078.8999999999999,1764.8999999999999
Test3,M32,7,Distracter,5304.0,Distracter,6819.0,8664.0,NA,1036.2,438.0,2391.5,8345.0,4367.9,418.8,NA,3491.1,4965.9000000000005
Test3,M32,8,Distracter,2193.0,Distracter,2193.0,8597.0,NA,961.5,1395.6,4438.3,2944.0,480.7,378.90000000000003,NA,339.1,1039.1
Test3,M33,1,No Prediction,NA,Distracter,877.0,8626.0,418.7,1934.1999999999998,111.8,4301.5999999999995,3533.0,676.2,538.4,NA,259.0,1214.6
Test3,M33,2,No Prediction,NA,No Prediction,NA,8563.0,NA,2244.4,315.2,4532.7,6905.0,3445.0,NA,NA,1016.6999999999999,3445.0
Test3,M33,3,Distracter,3229.0,Distracter,3229.0,8610.0,418.7,1435.2,109.0,4447.0,3979.0,2002.8999999999999,339.6,NA,969.1999999999999,2561.9
Test3,M33,4,No Prediction,NA,No Prediction,NA,8566.0,378.8,680.4,622.1,3074.6000000000004,9180.0,459.1,NA,NA,NA,459.1
Test3,M33,8,No Prediction,NA,No Prediction,NA,NA,NA,NA,NA,NA,7250.0,NA,NA,NA,NA,NA
Test3,M34,1,Distracter,837.0,Goal,1395.0,8609.0,378.8,2312.7,316.40000000000003,8090.8,4814.0,2114.0,917.2,478.6,79.8,3509.7999999999997
Test3,M34,2,No Prediction,NA,No Prediction,NA,8556.0,877.1,781.1,3110.2,6004.6,1134.0,300.20000000000005,315.3,NA,79.69999999999999,615.5
Test3,M34,3,Distracter,1754.0,Distracter,1754.0,8613.0,NA,2193.2999999999997,538.0,4387.4000000000005,2038.0,500.09999999999997,122.7,NA,99.8,981.7
Test3,M34,4,No Prediction,NA,No Prediction,NA,8569.0,NA,2665.4,2552.4,6174.5999999999995,2309.0,784.0,245.29999999999998,NA,79.69999999999999,1338.1000000000001
Test3,M34,5,No Prediction,NA,No Prediction,NA,8577.0,159.5,3094.2,1515.1,5527.5,1122.0,NA,952.0,NA,NA,952.0
Test3,M34,6,Goal,872.0,Goal,872.0,8569.0,1352.6000000000001,3441.8,1401.3,7427.6,1946.0,555.5,209.5,438.59999999999997,77.0,1203.6
Test3,M34,7,No Prediction,NA,No Prediction,NA,8638.0,461.7,4993.7,899.7,6777.700000000001,2542.0,NA,2522.3,NA,NA,2522.3
Test3,M34,8,No Prediction,NA,No Prediction,NA,8570.0,NA,NA,6355.5,7357.3,1327.0,948.1,NA,NA,948.1,948.1
Test3,M35,1,Distracter,1475.0,Distracter,1475.0,8594.0,1415.5,2436.7000000000003,1034.2,7677.6,2684.0,1355.6,590.8,NA,299.0,2086.0
Test3,M35,2,Distracter,3289.0,Distracter,5203.0,8583.0,917.1,2354.6,611.4000000000001,7656.0,6377.0,5289.7,454.7,NA,1614.6000000000001,5744.3
Test3,M35,3,No Prediction,NA,Goal,1396.0,8650.0,1424.1999999999998,2652.8999999999996,NA,7861.2,2017.0,817.3000000000001,157.79999999999998,343.9,NA,1319.1
Test3,M35,4,No Prediction,NA,Distracter,618.0,8569.0,1034.6,2325.8999999999996,1315.6000000000001,7503.9,1925.0,783.5,443.79999999999995,NA,NA,1426.7
Test3,M35,5,Goal,797.0,Goal,797.0,8650.0,1790.7,2332.3,1348.9,7691.9000000000005,2065.0,690.4,NA,598.5,199.2,1289.0
Test3,M35,6,No Prediction,NA,Goal,518.0,8569.0,299.59999999999997,3000.1000000000004,704.3000000000001,7336.2,1773.0,438.5,169.4,392.40000000000003,NA,1179.6
Test3,M35,7,Goal,1276.0,Goal,1894.0,8730.0,2293.8,3187.5,NA,7589.5999999999995,2605.0,1295.9,NA,593.8,319.1,1889.7
Test3,M35,8,Goal,1156.0,Goal,3189.0,8560.0,701.0999999999999,3203.6,577.5,7754.2,4444.0,3198.7000000000003,148.2,199.4,1056.5,3745.4
Test3,M36,1,Distracter,4965.0,Distracter,997.0,8645.0,378.90000000000003,2889.0,217.4,7016.3,8666.0,4966.2,1073.8000000000002,498.5,1039.9,6538.4000000000005
Test3,M36,2,Goal,5419.0,Goal,6838.0,8571.0,635.7,1016.8,282.7,4723.8,8088.0,5277.8,NA,429.5,1613.0,5986.2
Test3,M36,3,Distracter,4e3,Distracter,1136.0,8636.0,657.9000000000001,2694.0,518.3,7463.7,7848.0,5271.3,815.4,NA,2189.9,6266.0999999999995
Test3,M36,4,No Prediction,NA,Distracter,1674.0,8557.0,1235.9,2685.6,1637.6,7503.7,7314.0,3907.7999999999997,998.8000000000001,NA,877.3,5901.0
Test3,M36,5,Goal,259.0,Goal,3608.0,8597.0,NA,NA,159.5,339.0,6390.0,684.3000000000001,262.7,478.5,203.1,1425.5
Test3,M36,6,Goal,2193.0,Goal,2412.0,8556.0,558.3000000000001,2653.1,742.6,6423.8,5497.0,4043.8,NA,358.8,1569.6000000000001,4402.5
Test3,M36,7,Goal,2811.0,Goal,5682.0,8637.0,1255.9,2011.0000000000002,159.70000000000002,7215.9000000000005,6172.0,4635.5,NA,159.39999999999998,478.3,4994.2
Test3,M36,8,Goal,1396.0,Distracter,2227.0,8597.0,1281.4,1097.8000000000002,997.3,7126.8,4978.0,2804.3,538.1,478.5,877.8000000000001,4279.6
